"outcome","group","est","lo","hi"
"exit","Neither",6.64391795808404,6.46912905303756,6.81870686313052
"exit","Work limitation only",11.6065883689284,10.2351228206651,12.9780539171917
"exit","Standard screen only",11.6691562204991,10.4908560204347,12.8474564205636
"exit","Both",21.8616190505842,18.5595672087185,25.16367089245
"y_unable","Neither",0.514489439971567,0.465728881675261,0.563249998267873
"y_unable","Work limitation only",2.7470740824749,1.9626541312646,3.53149403368519
"y_unable","Standard screen only",2.95784595969667,2.34122342431487,3.57446849507846
"y_unable","Both",10.562250793296,8.14043037623923,12.9840712103528
"y_unemployed","Neither",1.77761232401913,1.68415799359335,1.8710666544449
"y_unemployed","Work limitation only",2.49782922488078,1.86556463049118,3.13009381927039
"y_unemployed","Standard screen only",2.2462971692356,1.70899929674643,2.78359504172477
"y_unemployed","Both",4.42738110934386,2.75444057508625,6.10032164360147
"y_retired","Neither",1.60669531367561,1.52122683433553,1.69216379301569
"y_retired","Work limitation only",2.72544708941839,2.03910002438222,3.41179415445456
"y_retired","Standard screen only",2.63656103376744,2.03612845248484,3.23699361505004
"y_retired","Both",1.65559408901549,0.510364587510567,2.80082359052042
"y_other","Neither",2.74512088041771,2.62903593728817,2.86120582354725
"y_other","Work limitation only",3.6362379721543,2.86859791324133,4.40387803106728
"y_other","Standard screen only",3.82845205779942,3.1129708196578,4.54393329594105
"y_other","Both",5.21639305892889,3.42406078067157,7.00872533718622
