"characteristic","note","indent","Neither","Work limitation only","Standard screen only","Both","All"
"Linked workers, n","",0,"121,447","3,180","4,664","891","130,182"
"Share of employed adults aged 25–64, %","a",0,"94.1","2.4","2.9","0.6","100.0"
"Age, mean (SD), years","",0,"43.9 (11.6)","45.7 (11.6)","47.7 (12.0)","48.2 (11.7)","44.1 (11.6)"
"Aged 55–64, %","",0,"23.6","29.7","38.3","39.5","24.4"
"Female, %","",0,"47.1","51.9","47.1","49.5","47.2"
"Race and ethnicity, %","",0,"","","","",""
"Hispanic","",1,"12.3","9.7","9.7","5.7","12.1"
"Non-Hispanic Black","",1,"9.5","9.5","8.9","8.8","9.5"
"Non-Hispanic White","",1,"70.9","74.7","76.3","81.1","71.2"
"Non-Hispanic, other or multiple races","",1,"7.3","6.1","5.1","4.3","7.2"
"Education, %","",0,"","","","",""
"Less than high school","",1,"5.2","5.2","6.9","6.4","5.2"
"High school diploma or equivalent","",1,"24.3","29.3","29.0","35.9","24.7"
"Some college","",1,"25.3","32.5","32.9","34.2","25.8"
"Bachelor's degree or higher","",1,"45.2","33.0","31.2","23.6","44.3"
"Work in the previous calendar year","",0,"","","","",""
"Weeks worked, mean (SD)","",1,"49.2 (9.3)","42.4 (15.1)","48.3 (10.6)","38.2 (17.9)","48.9 (9.7)"
"Worked 50–52 weeks, %","",1,"87.7","57.6","83.6","50.1","86.5"
"Usually worked full time, %","",1,"87.7","73.2","80.6","45.1","86.7"
"Usual weekly hours at interview, mean (SD)","b",0,"41.1 (10.2)","38.2 (12.0)","39.5 (12.3)","29.2 (15.5)","40.9 (10.4)"
"Family income, median (IQR), 2024 US$","c",0,"115,700 (66,300–188,000)","96,700 (51,700–159,800)","90,400 (52,200–150,700)","59,000 (30,500–121,300)","113,700 (64,900–185,600)"
"Family income below the poverty line, %","c",0,"3.4","6.0","5.5","11.8","3.6"
"Self-rated health fair or poor, %","",0,"5.1","17.8","18.5","46.0","6.2"
"Medicaid coverage at interview, %","",0,"6.9","12.5","12.2","34.1","7.4"
"Medicare coverage at interview, %","",0,"0.6","3.4","2.9","22.9","0.9"
"Disability income in the previous year, %","d",0,"0.0","24.9","0.2","16.3","0.8"
