"characteristic","neither","wl","wl_lo","wl_hi","six","both","smd"
"age",43.1660936823744,44.9242862671934,44.6804551906206,45.1681173437662,46.6136979869415,47.8951693996286,-0.144986172770949
"female",0.469073412601981,0.533888998693341,0.523774569450318,0.544003427936365,0.473432894372039,0.520188232247088,0.121137038707541
"race: Hispanic",0.17923717267603,0.14839385232962,0.141312567429836,0.155475137229403,0.141885189560448,0.110391074464148,0.0184786331502742
"race: NH Black",0.115586371315749,0.124918357113562,0.118025355980591,0.131811358246533,0.113284177137992,0.134450540117541,0.0359239962075252
"race: NH White",0.612914241402127,0.653434331777821,0.643633557217676,0.663235106337966,0.679686137853132,0.696195455996469,-0.0557056420495897
"race: Other",0.0922622146060936,0.0732534587789964,0.0680659799810781,0.0784409375769147,0.0651444954484287,0.0589629294218426,0.031955270668034
"education: <HS",0.0647293378279328,0.0649156059021058,0.0600805094851869,0.0697507023190246,0.0810935460045918,0.0809903886593174,-0.0622184856973222
"education: BA+",0.434229836638046,0.334250702831748,0.324430729643123,0.344070676020372,0.302665146993194,0.229609200216727,0.0678368749650187
"education: HS",0.246653061858565,0.28235003650939,0.27296097551667,0.291739097502109,0.287899229659904,0.345339518502093,-0.0122915175953912
"education: Missing",0,0,0,0,0,0,NA
"education: Some college",0.254387763675456,0.318483654756757,0.308876962098879,0.328090347414636,0.32834207734231,0.344060892621862,-0.0210761378036637
"occupation: Management, business, financial",0.194024956307746,0.144698043331553,0.137436101530109,0.151959985132998,0.158475910126358,0.114017592641802,-0.0384262068649146
"occupation: Natural resources, construction, maintenance",0.0918252832959442,0.099845832643505,0.0937307014050796,0.10596096388193,0.0957972646339413,0.0793483533872844,0.0136284991078137
"occupation: Other or NIU",0,0,0,0,0,0,NA
"occupation: Production and transportation",0.11469212747466,0.14128108323132,0.134161252749716,0.148400913712924,0.141872440905339,0.156468787867974,-0.00169630394688461
"occupation: Professional and related",0.259984279749083,0.227220588821119,0.218536397435241,0.235904780206997,0.212118449563676,0.173940682680806,0.036482662709583
"occupation: Sales and office",0.1945735745242,0.205406074563988,0.197085129209409,0.213727019918567,0.215933066158981,0.234981334246568,-0.025817258865069
"occupation: Service",0.144899778648366,0.181548377408515,0.17374109171053,0.1893556631065,0.175802868611704,0.241243249175565,0.0149985990956957
"industry: Agriculture, mining",0.0281916525605362,0.0273097054481496,0.0240972297118239,0.0305221811844753,0.029065762255663,0.0338079515353284,-0.0106101959116947
"industry: Business, personal, entertainment services",0.130452550510611,0.128846536547004,0.121949414179731,0.135743658914278,0.128594526172703,0.148664083676028,0.000752516103570333
"industry: Construction",0.0740826652369371,0.0742665477728371,0.068773475748871,0.0797596197968032,0.0681440961315843,0.0619922419076419,0.023808939327434
"industry: Education",0.0976339834651839,0.0797677671112089,0.0742286961855533,0.0853068380368646,0.0907675216743839,0.0657872308869784,-0.0393938177682526
"industry: Finance, real estate",0.073114231180624,0.0588306141783091,0.0538792388640735,0.0637819894925447,0.0570586530740916,0.042255871179351,0.00758424724787303
"industry: Health care",0.116361479589869,0.137863857145051,0.130792243597365,0.144935470692736,0.0998010137960231,0.0971156674457065,0.117830274345665
"industry: Manufacturing",0.106802611470242,0.101969200482707,0.0957246739278216,0.108213727037593,0.107788500104479,0.0813187726832188,-0.018993518913712
"industry: Other or NIU",0.0108831620388372,0.00897566235367499,0.0070595863694269,0.0108917383379231,0.00822577934260801,0.00592822081365992,0.00812092256283743
"industry: Other professional services",0.0775213875618646,0.0714826293796687,0.0661516106441837,0.0768136481151537,0.0853719560137026,0.116817874414334,-0.0516806209165428
"industry: Public administration",0.052428856350287,0.049249036468027,0.0448715943592235,0.0536264785768306,0.0577740870069688,0.0401561329990011,-0.0378872779819505
"industry: Trade",0.155762922461987,0.177148914658844,0.169206560642783,0.185091268674905,0.187629720043338,0.229724176621253,-0.0271432390572652
"industry: Transport, utilities",0.0767644975730203,0.0842895284545183,0.0786265342516711,0.0899525226573654,0.0797783843844544,0.0764317758374997,0.0164395994259457
"class: Government",0.147662984318649,0.133344666001139,0.12646886375934,0.140220468242939,0.157227413453761,0.1163817496097,-0.0678127634870144
"class: Other",0.000381515731051104,0.000404087607992759,7.50764255965719e-05,0.000733098790388946,0.000686958089119676,0.00162738202187323,-0.0121145591506959
"class: Private",0.752598172517444,0.747291042205055,0.738379620009809,0.7562024644003,0.734824232297614,0.723549740341887,0.0284624161569599
"class: Self-employed",0.0993573274328564,0.118960204185813,0.112223272398334,0.125697135973292,0.107261396159505,0.158441128026539,0.0369427286535177
"hours_now",40.8824796575801,37.9453317984671,37.6907842996199,38.1998792973142,39.3943519331221,30.2479956265785,-0.121598289296718
"hours_last_year",40.8119144915311,37.8193580148007,37.5679161578271,38.0707998717743,39.6980608329259,31.0014308288857,-0.162306240333903
"weeks_last_year",49.0067332558282,41.7778658076948,41.4576696284427,42.0980619869469,47.7555646901867,38.1743760072403,-0.441101925813189
"full_year_last_year",0.869959816609157,0.559590353332405,0.549437267970198,0.569743438694612,0.819809460677985,0.498152442583138,-0.58615422782831
"full_time_last_year",0.874926009892172,0.723954463331404,0.71472716477977,0.733181761883038,0.80808764759769,0.474173793018529,-0.199716143977664
"wage_income_2024usd",75507.534088253,54696.5552770837,53173.6348371884,56219.475716979,59057.1894279727,33532.7262281333,-0.0591976790528925
"family_income_2024usd",146344.032110828,122201.556228576,119499.742660713,124903.369796438,112661.831956018,87965.3360425347,0.0771156247570833
"poverty",0.0419629006239398,0.0793304596077365,0.0738094325435577,0.0848514866719154,0.0675284073557445,0.137108818322298,0.0452578960020355
"fair_or_poor_health",0.0525426664224851,0.186495348630122,0.17853800563768,0.194452691622564,0.181332728541373,0.449233902232963,0.0133261412803029
"disability_income",0.000274144755517924,0.243493350860032,0.234723334371301,0.252263367348764,0.00146291950556446,0.151346351197522,0.794364474253002
"social_security_income",0.00719632146124654,0.0605842125943856,0.055666693214339,0.0655017319744323,0.0316189668296623,0.207885969079347,0.138454276524471
"ssi_income",0.00137661080675363,0.0219261178827449,0.0189314495103584,0.0249207862551315,0.0118621207302583,0.0927517487246639,0.0781508825677751
"insured_now",0.892683055611711,0.901708705197018,0.895579539159725,0.907837871234311,0.890145695378898,0.917944687856286,0.0378742265489324
"medicaid_now",0.0805792385103693,0.151051975002888,0.141829044384992,0.160274905620784,0.128388211816113,0.318692537632096,0.0654055812033229
"medicare_now",0.00621593357576753,0.0370146191472238,0.0320339400877278,0.0419952982067198,0.0258858056455349,0.189078021577679,0.0637965116906713
